,country_name,country_capital,country_population,country_area
0,Andorra,Andorra,84000,468.0
1,Andorra,Andorra,84000,468.0
2,Andorra,Andorra,84000,468.0
3,Andorra,Andorra,84000,468.0
4,Andorra,Andorra,84000,468.0
5,Andorra,Andorra,84000,468.0
6,Andorra,Andorra,84000,468.0
7,Andorra,Andorra,84000,468.0
8,Andorra,Andorra,84000,468.0
9,Andorra,Andorra,84000,468.0
10,Andorra,Andorra,84000,468.0
11,Andorra,Andorra,84000,468.0
12,Andorra,Andorra,84000,468.0
13,Andorra,Andorra,84000,468.0
14,Andorra,Andorra,84000,468.0
15,Andorra,Andorra,84000,468.0
16,Andorra,Andorra,84000,468.0
17,Andorra,Andorra,84000,468.0
18,Andorra,Andorra,84000,468.0
19,Andorra,Andorra,84000,468.0
20,Andorra,Andorra,84000,468.0
21,Andorra,Andorra,84000,468.0
22,Andorra,Andorra,84000,468.0
23,Andorra,Andorra,84000,468.0
24,Andorra,Andorra,84000,468.0
25,Andorra,Andorra,84000,468.0
26,Andorra,Andorra,84000,468.0
27,Andorra,Andorra,84000,468.0
28,Andorra,Andorra,84000,468.0
29,Andorra,Andorra,84000,468.0
30,Andorra,Andorra,84000,468.0
31,Andorra,Andorra,84000,468.0
32,Andorra,Andorra,84000,468.0
33,Andorra,Andorra,84000,468.0
34,Andorra,Andorra,84000,468.0
35,Andorra,Andorra,84000,468.0
36,Andorra,Andorra,84000,468.0
37,Andorra,Andorra,84000,468.0
38,Andorra,Andorra,84000,468.0
39,Andorra,Andorra,84000,468.0
40,Andorra,Andorra,84000,468.0
41,Andorra,Andorra,84000,468.0
42,Andorra,Andorra,84000,468.0
43,Andorra,Andorra,84000,468.0
44,Andorra,Andorra,84000,468.0
45,Andorra,Andorra,84000,468.0
46,Andorra,Andorra,84000,468.0
47,Andorra,Andorra,84000,468.0
48,Andorra,Andorra,84000,468.0
49,Andorra,Andorra,84000,468.0
50,Andorra,Andorra,84000,468.0
51,Andorra,Andorra,84000,468.0
52,Andorra,Andorra,84000,468.0
53,Andorra,Andorra,84000,468.0
54,Andorra,Andorra,84000,468.0
55,Andorra,Andorra,84000,468.0
56,Andorra,Andorra,84000,468.0
57,Andorra,Andorra,84000,468.0
58,Andorra,Andorra,84000,468.0
59,Andorra,Andorra,84000,468.0
60,Andorra,Andorra,84000,468.0
61,Andorra,Andorra,84000,468.0
62,Andorra,Andorra,84000,468.0
63,Andorra,Andorra,84000,468.0
64,Andorra,Andorra,84000,468.0
65,Andorra,Andorra,84000,468.0
66,Andorra,Andorra,84000,468.0
67,Andorra,Andorra,84000,468.0
68,Andorra,Andorra,84000,468.0
69,Andorra,Andorra,84000,468.0
70,Andorra,Andorra,84000,468.0
71,Andorra,Andorra,84000,468.0
72,Andorra,Andorra,84000,468.0
73,Andorra,Andorra,84000,468.0
74,Andorra,Andorra,84000,468.0
75,Andorra,Andorra,84000,468.0
76,Andorra,Andorra,84000,468.0
77,Andorra,Andorra,84000,468.0
78,Andorra,Andorra,84000,468.0
79,Andorra,Andorra,84000,468.0
80,Andorra,Andorra,84000,468.0
81,Andorra,Andorra,84000,468.0
82,Andorra,Andorra,84000,468.0
83,Andorra,Andorra,84000,468.0
84,Andorra,Andorra,84000,468.0
85,Andorra,Andorra,84000,468.0
86,Andorra,Andorra,84000,468.0
87,Andorra,Andorra,84000,468.0
88,Andorra,Andorra,84000,468.0
89,Andorra,Andorra,84000,468.0
90,Andorra,Andorra,84000,468.0
91,Andorra,Andorra,84000,468.0
92,Andorra,Andorra,84000,468.0
93,Andorra,Andorra,84000,468.0
94,Andorra,Andorra,84000,468.0
95,Andorra,Andorra,84000,468.0
96,Andorra,Andorra,84000,468.0
97,Andorra,Andorra,84000,468.0
98,Andorra,Andorra,84000,468.0
99,Andorra,Andorra,84000,468.0
100,Andorra,Andorra,84000,468.0
101,Andorra,Andorra,84000,468.0
102,Andorra,Andorra,84000,468.0
103,Andorra,Andorra,84000,468.0
104,Andorra,Andorra,84000,468.0
105,Andorra,Andorra,84000,468.0
106,Andorra,Andorra,84000,468.0
107,Andorra,Andorra,84000,468.0
108,Andorra,Andorra,84000,468.0
109,Andorra,Andorra,84000,468.0
110,Andorra,Andorra,84000,468.0
111,Andorra,Andorra,84000,468.0
112,Andorra,Andorra,84000,468.0
113,Andorra,Andorra,84000,468.0
114,Andorra,Andorra,84000,468.0
115,Andorra,Andorra,84000,468.0
116,Andorra,Andorra,84000,468.0
117,Andorra,Andorra,84000,468.0
118,Andorra,Andorra,84000,468.0
119,Andorra,Andorra,84000,468.0
120,Andorra,Andorra,84000,468.0
121,Andorra,Andorra,84000,468.0
122,Andorra,Andorra,84000,468.0
123,Andorra,Andorra,84000,468.0
124,Andorra,Andorra,84000,468.0
125,Andorra,Andorra,84000,468.0
126,Andorra,Andorra,84000,468.0
127,Andorra,Andorra,84000,468.0
128,Andorra,Andorra,84000,468.0
129,Andorra,Andorra,84000,468.0
130,Andorra,Andorra,84000,468.0
131,Andorra,Andorra,84000,468.0
132,Andorra,Andorra,84000,468.0
133,Andorra,Andorra,84000,468.0
134,Andorra,Andorra,84000,468.0
135,Andorra,Andorra,84000,468.0
136,Andorra,Andorra,84000,468.0
137,Andorra,Andorra,84000,468.0
138,Andorra,Andorra,84000,468.0
139,Andorra,Andorra,84000,468.0
140,Andorra,Andorra,84000,468.0
141,Andorra,Andorra,84000,468.0
142,Andorra,Andorra,84000,468.0
143,Andorra,Andorra,84000,468.0
144,Andorra,Andorra,84000,468.0
145,Andorra,Andorra,84000,468.0
146,Andorra,Andorra,84000,468.0
147,Andorra,Andorra,84000,468.0
148,Andorra,Andorra,84000,468.0
149,Andorra,Andorra,84000,468.0
150,Andorra,Andorra,84000,468.0
151,Andorra,Andorra,84000,468.0
152,Andorra,Andorra,84000,468.0
153,Andorra,Andorra,84000,468.0
154,Andorra,Andorra,84000,468.0
155,Andorra,Andorra,84000,468.0
156,Andorra,Andorra,84000,468.0
157,Andorra,Andorra,84000,468.0
158,Andorra,Andorra,84000,468.0
159,Andorra,Andorra,84000,468.0
160,Andorra,Andorra,84000,468.0
161,Andorra,Andorra,84000,468.0
162,Andorra,Andorra,84000,468.0
163,Andorra,Andorra,84000,468.0
164,Andorra,Andorra,84000,468.0
165,Andorra,Andorra,84000,468.0
166,Andorra,Andorra,84000,468.0
167,Andorra,Andorra,84000,468.0
168,Andorra,Andorra,84000,468.0
169,Andorra,Andorra,84000,468.0
170,Andorra,Andorra,84000,468.0
171,Andorra,Andorra,84000,468.0
172,Andorra,Andorra,84000,468.0
173,Andorra,Andorra,84000,468.0
174,Andorra,Andorra,84000,468.0
175,Andorra,Andorra,84000,468.0
176,Andorra,Andorra,84000,468.0
177,Andorra,Andorra,84000,468.0
178,Andorra,Andorra,84000,468.0
179,Andorra,Andorra,84000,468.0
180,Andorra,Andorra,84000,468.0
181,Andorra,Andorra,84000,468.0
182,Andorra,Andorra,84000,468.0
183,Andorra,Andorra,84000,468.0
184,Andorra,Andorra,84000,468.0
185,Andorra,Andorra,84000,468.0
186,Andorra,Andorra,84000,468.0
187,Andorra,Andorra,84000,468.0
188,Andorra,Andorra,84000,468.0
189,Andorra,Andorra,84000,468.0
190,Andorra,Andorra,84000,468.0
191,Andorra,Andorra,84000,468.0
192,Andorra,Andorra,84000,468.0
193,Andorra,Andorra,84000,468.0
194,Andorra,Andorra,84000,468.0
195,Andorra,Andorra,84000,468.0
196,Andorra,Andorra,84000,468.0
197,Andorra,Andorra,84000,468.0
198,Andorra,Andorra,84000,468.0
199,Andorra,Andorra,84000,468.0
200,Andorra,Andorra,84000,468.0
201,Andorra,Andorra,84000,468.0
202,Andorra,Andorra,84000,468.0
203,Andorra,Andorra,84000,468.0
204,Andorra,Andorra,84000,468.0
205,Andorra,Andorra,84000,468.0
206,Andorra,Andorra,84000,468.0
207,Andorra,Andorra,84000,468.0
208,Andorra,Andorra,84000,468.0
209,Andorra,Andorra,84000,468.0
210,Andorra,Andorra,84000,468.0
211,Andorra,Andorra,84000,468.0
212,Andorra,Andorra,84000,468.0
213,Andorra,Andorra,84000,468.0
214,Andorra,Andorra,84000,468.0
215,Andorra,Andorra,84000,468.0
216,Andorra,Andorra,84000,468.0
217,Andorra,Andorra,84000,468.0
218,Andorra,Andorra,84000,468.0
219,Andorra,Andorra,84000,468.0
220,Andorra,Andorra,84000,468.0
221,Andorra,Andorra,84000,468.0
222,Andorra,Andorra,84000,468.0
223,Andorra,Andorra,84000,468.0
224,Andorra,Andorra,84000,468.0
225,Andorra,Andorra,84000,468.0
226,Andorra,Andorra,84000,468.0
227,Andorra,Andorra,84000,468.0
228,Andorra,Andorra,84000,468.0
229,Andorra,Andorra,84000,468.0
230,Andorra,Andorra,84000,468.0
231,Andorra,Andorra,84000,468.0
232,Andorra,Andorra,84000,468.0
233,Andorra,Andorra,84000,468.0
234,Andorra,Andorra,84000,468.0
235,Andorra,Andorra,84000,468.0
236,Andorra,Andorra,84000,468.0
237,Andorra,Andorra,84000,468.0
238,Andorra,Andorra,84000,468.0
239,Andorra,Andorra,84000,468.0
240,Andorra,Andorra,84000,468.0
241,Andorra,Andorra,84000,468.0
242,Andorra,Andorra,84000,468.0
243,Andorra,Andorra,84000,468.0
244,Andorra,Andorra,84000,468.0
245,Andorra,Andorra,84000,468.0
246,Andorra,Andorra,84000,468.0
247,Andorra,Andorra,84000,468.0
248,Andorra,Andorra,84000,468.0
249,Andorra,Andorra,84000,468.0
