product_name,price,rating,ram_rom,display_size,camera,battery,processor,warranty,full_description,page,price_clean,rating_clean
N/A,"₹9,999",N/A,4 gb ram | 64 gb,43.23 cm,50mp + 2mp | 8mp front camera,5000 mah,helio,1 year,"Samsung Galaxy F07 (Green, 64 GB)4.37,691 Ratings & 453 Reviews4 GB RAM | 64 GB ROM | Expandable Upto 2 TB43.23 cm (17.018 cm) HD+ Display50MP + 2MP | 8MP Front Camera5000 mAh BatteryHelio G99 Processor1 Year Manufacturer Warranty for Device and 6 Months for In-Box Accessories",1,9999.0,
N/A,"₹12,999",N/A,4 gb ram | 128 gb,17.12 cm,50mp + 2mp | 8mp front camera,6000 mah,dimensity,1 year,"Samsung Galaxy F70e 5G (Limelight Green, 128 GB)4.24,075 Ratings & 327 Reviews4 GB RAM | 128 GB ROM | Expandable Upto 2 TB17.12 cm (6.74 inch) HD+ Display50MP + 2MP | 8MP Front Camera6000 mAh Li-ion BatteryDimensity 6300 Processor1 Year Manufacturer Warranty for Device and 6 Months for In-Box Accessories",1,12999.0,
N/A,"₹26,999",N/A,8 gb ram | 256 gb,17.17 cm,50mp + 2mp | 32mp front camera,7200 mah,dimensity,1 year,"vivo T5x 5G (Cyber Green, 256 GB)4.414,313 Ratings & 966 Reviews8 GB RAM | 256 GB ROM17.17 cm (6.76 inch) Display50MP + 2MP | 32MP Front Camera7200 mAh Li-ion BatteryDimensity 7400-Turbo Processor1 Year Manufacturer Warranty for Device and 6 Months Manufacturer Warranty for Inbox Accessories",1,26999.0,
N/A,"₹14,999",N/A,4 gb ram | 128 gb,17.02 cm,50mp rear camera,6000 mah,N/A,N/A,"HMD Vibe2 5G (Peach Pink, 128 GB)4.62,967 Ratings & 264 Reviews4 GB RAM | 128 GB ROM17.02 cm (6.7 inch) HD+ Display50MP Rear Camera | 8MP Front Camera6000 mAh Li-Poly Battery1-year manufacturer warranty",1,14999.0,
N/A,"₹17,499",N/A,4 gb ram | 128 gb,17.27 cm,13mp rear camera,7000 mah,dimensity,1 year,"realme P4 Lite 5G (Mosaic Blue, 128 GB)4.37,817 Ratings & 403 Reviews4 GB RAM | 128 GB ROM17.27 cm (6.8 inches) HD+ Display13MP Rear Camera | 5MP Front Camera7000 mAh lithium-ion polymer BatteryDimensity 6300 Processor1 Year Manufacturer Warranty for Device and 6 Months Manufacturer Warranty for Inbox Accessories",1,17499.0,
N/A,"₹10,499",N/A,4 gb ram | 64 gb,17.13 cm,50mp rear camera,6000 mah,N/A,1 year,"Ai+ Pulse 2 (Purple, 64 GB)4.34,156 Ratings & 182 Reviews4 GB RAM | 64 GB ROM | Expandable Upto 1 TB17.13 cm (6.745 inch) HD+ Display50MP Rear Camera | 8MP Front Camera6000 mAh BatteryT7250 Processor1 Year Warranty on Handset and 6 Months Warranty on the Inbox Accessories",1,10499.0,
N/A,"₹17,999",N/A,6 gb ram | 128 gb,17.02 cm,50mp + 8mp + 2mp | 13mp front camera,5000 mah,exynos,1 year,"Samsung Galaxy F36 5G (Black, 128 GB)4.311,609 Ratings & 790 Reviews6 GB RAM | 128 GB ROM | Expandable Upto 2 TB17.02 cm (6.7 inch) Full HD+ Display50MP + 8MP + 2MP | 13MP Front Camera5000 mAh BatterySamsung Exynos 1380 Processor1 Year Manufacturer Warranty for Device and 6 Months for In-Box Accessories",1,17999.0,
N/A,"₹12,000",N/A,4 gb ram | 128 gb,17.02 cm,50mp rear camera,5000 mah,N/A,1 year,"Samsung M06 5G (Sage Green, 128 GB)4.13,325 Ratings & 192 Reviews4 GB RAM | 128 GB ROM17.02 cm (6.7 inch) Display50MP Rear Camera5000 mAh Battery1 Year Manufacturer Warranty for Phone and 6 Months Warranty for In the Box Accessories",1,12000.0,
N/A,"₹14,999",N/A,4 gb ram | 128 gb,17.02 cm,50mp rear camera,6000 mah,N/A,N/A,"HMD Vibe2 5G (Nordic Blue, 128 GB)4.62,967 Ratings & 264 Reviews4 GB RAM | 128 GB ROM17.02 cm (6.7 inch) HD+ Display50MP Rear Camera | 8MP Front Camera6000 mAh Li-Poly Battery1-year manufacturer warranty",1,14999.0,
N/A,"₹22,963",N/A,6 gb ram | 128 gb,17.02 cm,50mp rear camera,7200 mah,N/A,N/A,"IQOO Z11x 5G (Prismatic Green, 128 GB)4.3697 Ratings & 51 Reviews6 GB RAM | 128 GB ROM17.02 cm (6.7 inch) Display50MP Rear Camera7200 mAh Battery12 Months Brand Warranty",1,22963.0,
N/A,"₹16,999",N/A,6 gb ram | 128 gb,17.02 cm,50mp rear camera,6000 mah,N/A,N/A,"HMD VIBE2 5G (Nordic Blue, 128 GB)4.546 Ratings & 6 Reviews6 GB RAM | 128 GB ROM17.02 cm (6.7 inch) HD+ Display50MP Rear Camera | 8MP Front Camera6000 mAh Li-Poly Battery1-year manufacturer warranty",1,16999.0,
N/A,"₹18,999",N/A,6 gb ram | 128 gb,17.27 cm,13mp rear camera,7000 mah,dimensity,1 year,"realme P4 Lite 5G (Mosaic Green, 128 GB)4.31,302 Ratings & 89 Reviews6 GB RAM | 128 GB ROM17.27 cm (6.8 inches) HD+ Display13MP Rear Camera | 5MP Front Camera7000 mAh lithium-ion polymer BatteryDimensity 6300 Processor1 Year Manufacturer Warranty for Device and 6 Months Manufacturer Warranty for Inbox Accessories",1,18999.0,
N/A,"₹12,047",N/A,4 gb ram | 128 gb,17.02 cm,50mp rear camera,5000 mah,N/A,1 year,"Samsung M06 5G (Blazing Black, 128 GB)4.13,325 Ratings & 192 Reviews4 GB RAM | 128 GB ROM17.02 cm (6.7 inch) Display50MP Rear Camera5000 mAh Battery1 Year Manufacturer Warranty for Phone and 6 Months Warranty for In the Box Accessories",1,12047.0,
N/A,"₹21,999",N/A,6 gb ram | 256 gb,17.14 cm,50mp rear camera,7000 mah,dimensity,1 year,"OPPO K14 5G (Icy Blue, 256 GB)4.42,892 Ratings & 142 Reviews6 GB RAM | 256 GB ROM17.14 cm (6.75 inch) HD+ Display50MP Rear Camera | 8MP Front Camera7000 mAh BatteryDimensity 6300 Processor1 Year Manufacturer Warranty for Device and 6 Months Manufacturer Warranty for Inbox Accessories",1,21999.0,
N/A,"₹15,499",N/A,4 gb ram | 64 gb,17.27 cm,13mp rear camera,7000 mah,dimensity,1 year,"realme P4 Lite 5G (Mosaic Blue, 64 GB)4.37,817 Ratings & 403 Reviews4 GB RAM | 64 GB ROM17.27 cm (6.8 inches) HD+ Display13MP Rear Camera | 5MP Front Camera7000 mAh lithium-ion polymer BatteryDimensity 6300 Processor1 Year Manufacturer Warranty for Device and 6 Months Manufacturer Warranty for Inbox Accessories",1,15499.0,
N/A,"₹11,499",N/A,6 gb ram | 128 gb,17.13 cm,50mp rear camera,6000 mah,N/A,1 year,"Ai+ Pulse 2 (Blue, 128 GB)3.84,804 Ratings & 386 Reviews6 GB RAM | 128 GB ROM | Expandable Upto 1 TB17.13 cm (6.745 inch) HD+ Display50MP Rear Camera | 8MP Front Camera6000 mAh BatteryT7250 Processor1 Year Warranty on Handset and 6 Months Warranty on the Inbox Accessories",1,11499.0,
N/A,"₹15,499",N/A,4 gb ram | 64 gb,17.27 cm,13mp rear camera,7000 mah,dimensity,1 year,"realme P4 Lite 5G (Mosaic Green, 64 GB)4.37,817 Ratings & 403 Reviews4 GB RAM | 64 GB ROM17.27 cm (6.8 inches) HD+ Display13MP Rear Camera | 5MP Front Camera7000 mAh lithium-ion polymer BatteryDimensity 6300 Processor1 Year Manufacturer Warranty for Device and 6 Months Manufacturer Warranty for Inbox Accessories",1,15499.0,
N/A,"₹11,999",N/A,4 gb ram | 64 gb,17.14 cm,13mp rear camera,6300 mah,N/A,1 year,"realme P4 Lite (Beach Gold, 64 GB)43,352 Ratings & 181 Reviews4 GB RAM | 64 GB ROM17.14 cm (6.75 inch) HD+ Display13MP Rear Camera | 5MP Front Camera6300 mAh BatteryT7250 Processor1 Year Manufacturer Warranty for Device and 6 Months Manufacturer Warranty for Inbox Accessories",1,11999.0,
N/A,"₹22,999",N/A,6 gb ram | 128 gb,17.17 cm,50mp + 2mp | 32mp front camera,7200 mah,dimensity,1 year,"vivo T5x 5G (Cyber Green, 128 GB)4.411,940 Ratings & 686 Reviews6 GB RAM | 128 GB ROM17.17 cm (6.76 inch) Display50MP + 2MP | 32MP Front Camera7200 mAh Li-ion BatteryDimensity 7400-Turbo Processor1 Year Manufacturer Warranty for Device and 6 Months Manufacturer Warranty for Inbox Accessories",1,22999.0,
N/A,"₹33,999",N/A,12 gb ram | 256 gb,17.02 cm,50mp + 50mp + 10mp | 50mp front camera,6000 mah,dimensity,1 year,"MOTOROLA Edge 60 Pro (Pantone Shadow, 256 GB)4.315,663 Ratings & 1,256 Reviews12 GB RAM | 256 GB ROM17.02 cm (6.7 inch) Display50MP + 50MP + 10MP | 50MP Front Camera6000 mAh BatteryDimensity 8350 Processor1 Year Warranty on Handset and 6 Months Warranty on Accessories",1,33999.0,
N/A,"₹19,999",N/A,6 gb ram | 128 gb,17.27 cm,50mp rear camera,8000 mah,dimensity,1 year,"realme P4R 5G (Titanium Glare, 128 GB)4.61,001 Ratings & 66 Reviews6 GB RAM | 128 GB ROM17.27 cm (6.8 inch) HD+ Display50MP Rear Camera | 8MP Front Camera8000 mAh Lithium-ion polymer BatteryDimensity 6300 Processor1 Year Manufacturer Warranty for Device and 6 Months Manufacturer Warranty for Inbox Accessories",1,19999.0,
N/A,"₹21,999",N/A,6 gb ram | 128 gb,17.2 cm,50mp rear camera,5800 mah,snapdragon,1 year,"REDMI Note 15 SE 5G Snapdragon (Carbon Black, 128 GB)4.43,430 Ratings & 266 Reviews6 GB RAM | 128 GB ROM | Expandable Upto 1 TB17.2 cm (6.77 inch) Full HD+ AMOLED Display50MP Rear Camera | 20MP Front Camera5800 mAh Lithium-Ion Polymer BatterySnapdragon 6 Gen 3 Processor1 Year Manufacturer Warranty for Phone and 6 Months Warranty for In the Box Accessories",1,21999.0,
N/A,"₹1,087",N/A,N/A,3.66 cm,0mp | 0mp front camera,800 mah,N/A,2 year,MOTOROLA Moto A1003.9374 Ratings & 30 Reviews4 MB RAM | 36 MB ROM | Expandable Upto 0 MB3.66 cm (1.44 inch) HQVGA Display0MP | 0MP Front Camera800 mAh BatteryMtk Processor2 Years Domestic Replacement Warranty,1,1087.0,
N/A,"₹23,999",N/A,8 gb ram | 256 gb,17.14 cm,50mp rear camera,7000 mah,dimensity,1 year,"OPPO K14 5G (Prism White, 256 GB)4.3885 Ratings & 67 Reviews8 GB RAM | 256 GB ROM17.14 cm (6.75 inch) HD+ Display50MP Rear Camera | 8MP Front Camera7000 mAh BatteryDimensity 6300 Processor1 Year Manufacturer Warranty for Device and 6 Months Manufacturer Warranty for Inbox Accessories",1,23999.0,
N/A,"₹17,499",N/A,4 gb ram | 128 gb,17.27 cm,13mp rear camera,7000 mah,dimensity,1 year,"realme P4 Lite 5G (Mosaic Green, 128 GB)4.37,817 Ratings & 403 Reviews4 GB RAM | 128 GB ROM17.27 cm (6.8 inches) HD+ Display13MP Rear Camera | 5MP Front Camera7000 mAh lithium-ion polymer BatteryDimensity 6300 Processor1 Year Manufacturer Warranty for Device and 6 Months Manufacturer Warranty for Inbox Accessories",2,17499.0,
N/A,"₹9,999",N/A,6 gb ram | 128 gb,17.13 cm,50mp rear camera,5000 mah,N/A,1 year,"Ai+ Pulse 1 (Black, 128 GB)49,727 Ratings & 604 Reviews6 GB RAM | 128 GB ROM | Expandable Upto 1 TB17.13 cm (6.745 inch) HD+ Display50MP Rear Camera | 5MP Front Camera5000 mAh BatteryT615 Processor1 Year Warranty on Handset and 6 Months Warranty on the Inbox Accessories",2,9999.0,
N/A,"₹15,999",N/A,4 gb ram | 128 gb,16.92 cm,50mp rear camera,7000 mah,dimensity,1 year,"MOTOROLA g37 power (PANTONE Nautical Blue, 128 GB)4.2864 Ratings & 144 Reviews4 GB RAM | 128 GB ROM | Expandable Upto 1 TB16.92 cm (6.66 inch) HD+ Display50MP Rear Camera | 8MP Front Camera7000 mAh BatteryDimensity 6400 Processor1 Year on Handset and 6 Months on Accessories",2,15999.0,
N/A,"₹14,999",N/A,4 gb ram | 128 gb,17.02 cm,50mp rear camera,6000 mah,N/A,N/A,"HMD Vibe2 5G (Cosmic Lavender, 128 GB)4.62,967 Ratings & 264 Reviews4 GB RAM | 128 GB ROM17.02 cm (6.7 inch) HD+ Display50MP Rear Camera | 8MP Front Camera6000 mAh Li-Poly Battery1-year manufacturer warranty",2,14999.0,
N/A,"₹18,999",N/A,6 gb ram | 128 gb,17.27 cm,13mp rear camera,7000 mah,dimensity,1 year,"realme P4 Lite 5G (Mosaic Blue, 128 GB)4.31,302 Ratings & 89 Reviews6 GB RAM | 128 GB ROM17.27 cm (6.8 inches) HD+ Display13MP Rear Camera | 5MP Front Camera7000 mAh lithium-ion polymer BatteryDimensity 6300 Processor1 Year Manufacturer Warranty for Device and 6 Months Manufacturer Warranty for Inbox Accessories",2,18999.0,
N/A,"₹1,971",N/A,N/A,6.1 cm,0mp front camera,1450 mah,N/A,N/A,"Nokia 130 Music Dual Sim with Music Player, Dedicated Music Buttons3.926,419 Ratings & 1,469 Reviews4 MB RAM | 4 MB ROM6.1 cm (2.4 inch) Display0MP Front Camera1450 mAh Battery6261D ProcessorNA",2,1971.0,
N/A,₹849,N/A,N/A,4.57 cm,N/A,1000 mah,N/A,1 year,"itel Ace 3 Shine4.11,870 Ratings & 87 Reviews4 MB RAM | 4 MB ROM | Expandable Upto 32 GB4.57 cm (1.8 inch) QVGA Display1000 mAh BatteryUnisoc Processor1 year manufacturer Warranty",2,849.0,
N/A,"₹11,251",N/A,4 gb ram | 64 gb,17.02 cm,50mp rear camera,5000 mah,N/A,1 year,"Samsung Galaxy M06 5G (Sage Green, 64 GB)4.1960 Ratings & 62 Reviews4 GB RAM | 64 GB ROM17.02 cm (6.7 inch) Display50MP Rear Camera5000 mAh Battery1 Year Manufacturer Warranty for Phone and 6 Months Warranty for In the Box Accessories",2,11251.0,
N/A,"₹22,999",N/A,6 gb ram | 128 gb,17.17 cm,50mp + 2mp | 32mp front camera,7200 mah,dimensity,1 year,"vivo T5x 5G (Star Silver, 128 GB)4.411,940 Ratings & 686 Reviews6 GB RAM | 128 GB ROM17.17 cm (6.76 inch) Display50MP + 2MP | 32MP Front Camera7200 mAh Li-ion BatteryDimensity 7400-Turbo Processor1 Year Manufacturer Warranty for Device and 6 Months Manufacturer Warranty for Inbox Accessories",2,22999.0,
N/A,"₹23,999",N/A,8 gb ram | 128 gb,17.2 cm,50mp rear camera,5800 mah,snapdragon,1 year,"REDMI Note 15 SE 5G Snapdragon (Crimson Reserve, 128 GB)4.41,492 Ratings & 128 Reviews8 GB RAM | 128 GB ROM | Expandable Upto 1 TB17.2 cm (6.77 inch) Full HD+ AMOLED Display50MP Rear Camera | 20MP Front Camera5800 mAh Lithium-Ion Polymer BatterySnapdragon 6 Gen 3 Processor1 Year Manufacturer Warranty for Phone and 6 Months Warranty for In the Box Accessories",2,23999.0,
N/A,"₹14,999",N/A,4 gb ram | 64 gb,16.92 cm,50mp rear camera,5200 mah,dimensity,1 year,"MOTOROLA g37 (PANTONE Impenetrable, 64 GB)4.3787 Ratings & 51 Reviews4 GB RAM | 64 GB ROM | Expandable Upto 1 TB16.92 cm (6.66 inch) HD+ Display50MP Rear Camera | 8MP Front Camera5200 mAh BatteryDimensity 6400 Processor1 Year on Handset and 6 Months on Accessories",2,14999.0,
N/A,"₹1,049",N/A,N/A,4.5 cm,0mp front camera,800 mah,N/A,N/A,"Nokia 105 Classic Single Sim Keypad Phone, Without Charger419,390 Ratings & 854 Reviews32 MB RAM | 32 MB ROM4.5 cm (1.77 inch) Display0MP Front Camera800 mAh BatterySC6531E Processor1 Month Company Domestic Warranty by Company Authorized Service Center.",2,1049.0,
N/A,"₹25,999",N/A,8 gb ram | 256 gb,17.02 cm,50mp + 50mp + 10mp | 50mp front camera,6000 mah,dimensity,1 year,"MOTOROLA Edge 60 Pro (Pantone Shadow, 256 GB)4.353,387 Ratings & 4,009 Reviews8 GB RAM | 256 GB ROM17.02 cm (6.7 inch) Display50MP + 50MP + 10MP | 50MP Front Camera6000 mAh BatteryDimensity 8350 Processor1 Year Warranty on Handset and 6 Months Warranty on Accessories",2,25999.0,
N/A,₹549,N/A,N/A,4.57 cm,3mp rear camera,1000 mah,N/A,N/A,"HOTLINE H3123.53,522 Ratings & 208 Reviews32 MB RAM | 32 MB ROM4.57 cm (1.8 inch) Display0.3MP Rear Camera1000 mAh BatteryThe Hotline Mobiles has 3 Months Manufacture’s Warranty & after Warranty period we would like to help our customers with the best possible service under low expenses",2,549.0,
N/A,"₹14,999",N/A,4 gb ram | 64 gb,17.12 cm,50mp + 2mp | 5mp front camera,6000 mah,dimensity,1 year,"Vivo T4 Lite 5G (Titanium Gold 2026) (4GB 64GB)4.337,436 Ratings & 1,316 Reviews4 GB RAM | 64 GB ROM | Expandable Upto 2 TB17.12 cm (6.74 inch) HD+ Display50MP + 2MP | 5MP Front Camera6000 mAh BatteryDimensity 6300 5G Processor1 Year Manufacturer Warranty for Device and 6 Months Manufacturer Warranty for Inbox Accessories",2,14999.0,
N/A,"₹1,490",N/A,N/A,2.8 inch,8mp + 0mp | 0mp front camera,1900 mah,N/A,N/A,"itel it5330 | 2.8 inch Big Display | 1900 mAh Battery | Kingvoice4.126,848 Ratings & 1,539 Reviews32 MB RAM | 32 MB ROM | Expandable Upto 32 GB7.11 cm (2.8 inch) Quarter QVGA Display0.8MP + 0MP | 0MP Front Camera1900 mAh BatteryUnisoc Processor12+1 month manufacturer warranty",2,1490.0,
N/A,"₹22,999",N/A,6 gb ram | 256 gb,17.27 cm,50mp rear camera,8000 mah,dimensity,1 year,"realme P4R 5G (Silver Glare, 256 GB)4.61,001 Ratings & 66 Reviews6 GB RAM | 256 GB ROM17.27 cm (6.8 inch) HD+ Display50MP Rear Camera | 8MP Front Camera8000 mAh Lithium-ion polymer BatteryDimensity 6300 Processor1 Year Manufacturer Warranty for Device and 6 Months Manufacturer Warranty for Inbox Accessories",2,22999.0,
N/A,"₹24,999",N/A,8 gb ram | 256 gb,16.94 cm,50mp + 13mp | 32mp front camera,5500 mah,dimensity,1 year,"MOTOROLA Edge 60 Fusion 5G (PANTONE Amazonite, 256 GB)4.41,23,907 Ratings & 7,266 Reviews8 GB RAM | 256 GB ROM | Expandable Upto 1 TB16.94 cm (6.67 inch) Quad HD+ Display50MP + 13MP | 32MP Front Camera5500 mAh BatteryDimensity 7400 Processor68W Charger1 Year Warranty on Handset and 6 Months Warranty on Accessories",2,24999.0,
N/A,"₹11,999",N/A,4 gb ram | 64 gb,17.13 cm,50mp rear camera,6000 mah,N/A,1 year,"Ai+ Nova 2 5G (Blue, 64 GB)4.42,511 Ratings & 72 Reviews4 GB RAM | 64 GB ROM | Expandable Upto 1 TB17.13 cm (6.745 inch) HD+ Display50MP Rear Camera | 8MP Front Camera6000 mAh BatteryT8200 Processor1 Year Warranty on Handset and 6 Months Warranty on the Inbox Accessories",2,11999.0,
N/A,"₹33,999",N/A,12 gb ram | 512 gb,17.27 cm,50mp + 8mp | 32mp front camera,7000 mah,dimensity,N/A,"realme GT 7T (IceSense Blue, 512 GB)4.41,256 Ratings & 131 Reviews12 GB RAM | 512 GB ROM17.27 cm (6.8 inch) Full HD+ AMOLED Display50MP + 8MP | 32MP Front Camera7000 mAh Li-ion BatteryDimensity 8400-MAX Processorstandard 1-year warranty for the device  and a 6-month warranty for accessories",2,33999.0,
N/A,"₹25,999",N/A,8 gb ram | 256 gb,17.2 cm,50mp rear camera,5800 mah,snapdragon,1 year,"REDMI Note 15 SE 5G (Crimson Reserve, 256 GB)4.41,492 Ratings & 128 Reviews8 GB RAM | 256 GB ROM | Expandable Upto 1 TB17.2 cm (6.77 inch) Full HD+ AMOLED Display50MP Rear Camera | 20MP Front Camera5800 mAh Lithium-Ion Polymer BatterySnapdragon 6 Gen 3 Processor1 Year Manufacturer Warranty for Phone and 6 Months Warranty for In the Box Accessories",2,25999.0,
N/A,"₹18,999",N/A,4 gb ram | 128 gb,17.27 cm,50mp rear camera,8000 mah,dimensity,1 year,"realme P4R 5G (Silver Glare, 128 GB)4.4428 Ratings & 45 Reviews4 GB RAM | 128 GB ROM17.27 cm (6.8 inch) HD+ Display50MP Rear Camera | 8MP Front Camera8000 mAh Lithium-ion polymer BatteryDimensity 6300 Processor1 Year Manufacturer Warranty for Device and 6 Months Manufacturer Warranty for Inbox Accessories",2,18999.0,
N/A,"₹22,000",N/A,8 gb ram | 256 gb,17.2 cm,50mp rear camera,5520 mah,N/A,1 year,"POCO M8 (Frost Silver, 256 GB)4.41,558 Ratings & 141 Reviews8 GB RAM | 256 GB ROM | Expandable Upto 1 TB17.2 cm (6.77 inch) Full HD+ Display50MP Rear Camera | 20MP Front Camera5520 mAh Battery1 Year Manufacturer Warranty for Phone and 6 Months Warranty for In the Box Accessories",2,22000.0,
N/A,"₹11,299",N/A,4 gb ram | 64 gb,17.02 cm,50mp rear camera,5000 mah,N/A,1 year,"Samsung Galaxy M06 5G (Blazing Black, 64 GB)4.1960 Ratings & 62 Reviews4 GB RAM | 64 GB ROM17.02 cm (6.7 inch) Display50MP Rear Camera5000 mAh Battery1 Year Manufacturer Warranty for Phone and 6 Months Warranty for In the Box Accessories",2,11299.0,
